{"Pythoncode.tex": "% requirements(optional):", "jacobian.tex": "% requirements(optional):", "math.tex": "% requirements:", "maxwell.tex": "a template for Maxwell equation", "sets.tex": "a template for set in latex", "begin.tex": "The template of a latex framework", "4subgraphs.tex": "A template for 4 subgraphs.", "picture.tex": "A template for a titled-graph(using caption-of)", "change_images.tex": "Changing images dynamically", "change_images2.tex": "Changing images dynamically", "overlay_specifications.tex": "add overlay specifications in beamer", "overlay_with_commands.tex": "overlay with commands in beamer", "overlay_with_pause.tex": "creating overlays in beamer using pause", "basic_blocks.tex": "The examples of blocks in beamer, including block, basic block, example block", "math_blocks.tex": "The examples of math blocks in beamer", "basic_column.tex": "basic settings of 2 columns in beamer", "column_with_lines.tex": "split 2 columns with a line", "fonts_size.tex": "set the different size of text", "font_family.tex": "View all the font family beamer contains.", "bold_math.tex": "set the bold font of math environment", "background_picture.tex": "Add a global background canvas", "picture_and_text_side_by_side.tex": "text in the left and picture in the right ", "picture_with_name.tex": "add a picture with name", "right_aligned_figure.tex": "Add a right aligned figure", "rotation_of_picture.tex": "add rotated image in beamer", "subfigures.tex": "add subfigures in beamer", "table_enviromnet.tex": "add a table in beamer", "table_in_block.tex": "add a table in block", "enumtype.tex": "using different types of enumeration types", "hybrid_list.tex": "create a hybrid list in beamer", "list_with_space.tex": "add a list with space", "text_color.tex": "add colored-text in beamer", "text_decorations.tex": "add text decorations(like lines)", "text_settings.tex": "add text settings(like bold, italized and underline)", "wrapping_text.tex": "add wrapping text around a image", "basic_title_page.tex": "classic template for create a titlepage", "recurring_table_of_contents.tex": "an example of recurring table of contents", "table_of_contents.tex": "add basic table of contents in beamer"}